epoch,train_box_loss,train_cls_loss,train_dfl_loss,val_box_loss,val_cls_loss,val_dfl_loss,precision,recall,mAP50,mAP50_95,knife_precision,knife_recall,knife_mAP50,knife_mAP50_95,long_gun_precision,long_gun_recall,long_gun_mAP50,long_gun_mAP50_95,pistol_precision,pistol_recall,pistol_mAP50,pistol_mAP50_95,learning_rate,epoch_duration_sec,peak_vram_gb,is_best
1,1.804,2.62606,1.8664,1.77467,13.10997,1.96526,0.3124,0.2923,0.2183,0.089,0.1739,0.3729,0.1902,0.0757,0.4171,0.1371,0.1765,0.0665,0.3463,0.3668,0.2883,0.1248,0.000333086785009862,547.92,3.741,True
2,1.80009,2.56599,1.86973,1.66577,7.71565,1.79241,0.3175,0.3635,0.2897,0.1274,0.3462,0.2642,0.2275,0.084,0.2128,0.4676,0.3109,0.1252,0.3934,0.3586,0.3308,0.1732,0.0006532250000000001,486.42,3.741,True
3,1.73194,2.42495,1.80344,1.62423,5.99418,1.75205,0.4253,0.4013,0.3552,0.1632,0.4159,0.2759,0.2355,0.0973,0.4715,0.3939,0.3834,0.1729,0.3886,0.5339,0.4466,0.2193,0.000960163214990138,484.78,3.741,True
4,1.66386,2.22599,1.74264,1.49821,4.74845,1.59035,0.5145,0.4587,0.4629,0.2332,0.4665,0.3579,0.3596,0.1727,0.4407,0.5363,0.4918,0.2424,0.6362,0.4819,0.5375,0.2846,0.0009406,485.32,3.741,True
5,1.59878,2.09103,1.68488,1.40925,5.95002,1.53007,0.5556,0.5158,0.5337,0.2798,0.4763,0.4682,0.4417,0.2254,0.6402,0.4892,0.569,0.2932,0.5501,0.59,0.5904,0.3207,0.0009208,485.52,3.741,True
6,1.5591,1.98646,1.64949,1.39923,3.73854,1.51691,0.5959,0.5433,0.5629,0.2995,0.4682,0.6171,0.5215,0.2732,0.6107,0.4716,0.5401,0.2806,0.7087,0.5413,0.6272,0.3447,0.000901,486.18,3.741,True
7,1.50554,1.88456,1.60467,1.31953,4.01774,1.44596,0.636,0.5846,0.6214,0.3364,0.5727,0.5502,0.5519,0.3055,0.6195,0.6029,0.642,0.3425,0.7159,0.6008,0.6702,0.3613,0.0008812,487.28,3.741,True
8,1.49386,1.81403,1.58881,1.30466,5.132,1.43701,0.6795,0.6104,0.6645,0.3664,0.6398,0.5836,0.6249,0.3343,0.7075,0.5982,0.6659,0.3614,0.6913,0.6494,0.7028,0.4035,0.0008614,487.38,3.741,True
9,1.47261,1.74617,1.57197,1.27091,4.18953,1.39416,0.6836,0.623,0.6779,0.3889,0.6441,0.5987,0.6312,0.3658,0.669,0.6255,0.6856,0.3819,0.7375,0.6448,0.7169,0.4189,0.0008416000000000001,487.46,3.741,True
10,1.44869,1.70646,1.55267,1.2607,3.73484,1.38978,0.6984,0.6493,0.6905,0.3989,0.6454,0.6241,0.6319,0.3834,0.703,0.6444,0.6915,0.3853,0.7469,0.6795,0.7481,0.428,0.0008218000000000001,491.77,3.741,True
11,1.4285,1.66317,1.54109,1.24243,3.1123,1.37391,0.7125,0.6512,0.7037,0.4063,0.6708,0.6455,0.6608,0.3886,0.7502,0.5923,0.7017,0.3935,0.7165,0.7158,0.7485,0.4369,0.0008020000000000001,486.7,3.741,True
12,1.40909,1.62411,1.52107,1.22002,3.96913,1.356,0.7233,0.6567,0.7095,0.4145,0.6468,0.6672,0.646,0.3845,0.7449,0.6226,0.7162,0.4081,0.7782,0.6802,0.7663,0.4509,0.0007822,486.19,3.741,True
13,1.38378,1.55442,1.49934,1.20658,2.79739,1.33544,0.7307,0.6888,0.7384,0.4369,0.6734,0.6906,0.684,0.4201,0.7085,0.7092,0.751,0.4328,0.8101,0.6664,0.7801,0.4577,0.0007624,540.29,3.741,True
14,1.37698,1.53397,1.48989,1.2005,3.66137,1.33548,0.7639,0.6995,0.7581,0.4515,0.7491,0.699,0.7259,0.4481,0.7567,0.6876,0.7607,0.4338,0.786,0.712,0.7877,0.4726,0.0007426,537.31,3.741,True
15,1.35985,1.49503,1.47679,1.1803,2.70295,1.31661,0.7699,0.7035,0.7699,0.4633,0.7502,0.683,0.7317,0.461,0.7729,0.6935,0.7746,0.4437,0.7865,0.7339,0.8035,0.485,0.0007228,589.08,3.741,True
16,1.34734,1.47051,1.47279,1.1807,3.06712,1.31884,0.7668,0.713,0.7714,0.471,0.7094,0.7358,0.7286,0.4662,0.8217,0.6591,0.7836,0.4587,0.7693,0.7441,0.802,0.488,0.000703,576.66,3.741,True
17,1.33172,1.42768,1.45874,1.14856,2.59148,1.28522,0.7981,0.7284,0.7977,0.4927,0.7644,0.7596,0.7756,0.5109,0.7962,0.691,0.7975,0.4656,0.8335,0.7347,0.8199,0.5016,0.0006831999999999999,552.61,3.741,True
18,1.32204,1.40577,1.44424,1.15718,2.4319,1.28834,0.8029,0.7358,0.8044,0.4974,0.7552,0.7609,0.7795,0.5127,0.8171,0.7269,0.8134,0.476,0.8365,0.7197,0.8204,0.5033,0.0006633999999999999,498.29,3.741,True
19,1.31845,1.39567,1.4413,1.12514,2.70139,1.26574,0.8022,0.7485,0.8167,0.5128,0.7587,0.786,0.8016,0.5402,0.8068,0.7299,0.8135,0.4848,0.8412,0.7297,0.835,0.5134,0.0006436,587.06,3.741,True
20,1.30104,1.35178,1.42927,1.12505,2.57802,1.26945,0.8025,0.7476,0.817,0.5134,0.7582,0.7759,0.8001,0.5371,0.8326,0.6984,0.8155,0.4838,0.8169,0.7683,0.8354,0.5192,0.0006238,661.8,3.741,True
21,1.28408,1.33401,1.41607,1.11688,2.52674,1.25534,0.7987,0.7675,0.8267,0.5228,0.7689,0.801,0.8192,0.5572,0.8093,0.7338,0.8176,0.4907,0.8181,0.7676,0.8433,0.5204,0.000604,585.81,3.741,True
22,1.27854,1.32432,1.41151,1.11061,2.19979,1.25232,0.8064,0.7717,0.8297,0.522,0.781,0.7989,0.8162,0.5492,0.8223,0.7377,0.8249,0.496,0.816,0.7784,0.848,0.5209,0.0005842000000000001,503.62,3.741,False
23,1.27314,1.29468,1.40802,1.1035,1.91732,1.24456,0.8149,0.7721,0.8331,0.5287,0.785,0.8,0.8242,0.5542,0.824,0.7495,0.8292,0.5005,0.8356,0.7668,0.8458,0.5315,0.0005644000000000001,491.53,3.741,True
24,1.26026,1.27426,1.39317,1.09607,1.98449,1.23708,0.8288,0.7751,0.8381,0.5362,0.8143,0.8064,0.8288,0.5714,0.8234,0.7397,0.8334,0.5031,0.8489,0.7792,0.8523,0.5342,0.0005446000000000001,489.0,3.741,True
25,1.24939,1.26014,1.38875,1.09507,2.13885,1.23739,0.8193,0.793,0.8456,0.5428,0.8023,0.8294,0.8429,0.5833,0.8295,0.7551,0.8382,0.5073,0.8262,0.7946,0.8556,0.538,0.0005248000000000001,488.74,3.741,True
26,1.2479,1.23381,1.38554,1.0911,1.93773,1.23239,0.8214,0.7803,0.8472,0.5451,0.7986,0.8077,0.8393,0.5801,0.8169,0.7492,0.8389,0.5122,0.8487,0.7841,0.8634,0.5428,0.000505,488.11,3.741,True
27,1.22883,1.21624,1.3733,1.08493,1.93246,1.22827,0.8315,0.7937,0.8541,0.5496,0.8047,0.8202,0.8444,0.586,0.833,0.7695,0.8491,0.5183,0.8568,0.7915,0.8688,0.5446,0.0004852,487.99,3.741,True
28,1.22223,1.19417,1.36627,1.07798,1.73267,1.22591,0.8405,0.7885,0.852,0.5502,0.8224,0.8144,0.8372,0.5852,0.8381,0.7613,0.8537,0.5215,0.8609,0.79,0.8652,0.544,0.0004654,488.89,3.741,True
29,1.21175,1.17367,1.3552,1.07631,1.67368,1.2204,0.8458,0.7909,0.8545,0.55,0.827,0.8211,0.8452,0.5829,0.8533,0.7593,0.8495,0.5205,0.8571,0.7922,0.8688,0.5467,0.00044559999999999993,488.4,3.741,False
30,1.20455,1.17185,1.35014,1.07326,1.71613,1.21805,0.8437,0.7925,0.8525,0.5538,0.8255,0.8227,0.8405,0.5806,0.8424,0.7613,0.8443,0.5263,0.8631,0.7935,0.8727,0.5546,0.00042580000000000005,488.24,3.741,True
31,1.19413,1.13761,1.34481,1.06935,1.73276,1.21604,0.8415,0.8043,0.8604,0.5603,0.8189,0.8294,0.8563,0.5993,0.8471,0.778,0.8514,0.5274,0.8584,0.8054,0.8736,0.5541,0.00040600000000000006,487.29,3.741,True
32,1.19136,1.12731,1.34042,1.06548,1.71211,1.21186,0.8434,0.8042,0.8622,0.5638,0.8308,0.8244,0.8592,0.6068,0.8411,0.775,0.8496,0.5277,0.8582,0.8131,0.8779,0.5571,0.0003862,487.75,3.741,True
33,1.1769,1.10759,1.33133,1.05843,1.6959,1.20725,0.8461,0.8055,0.8642,0.5638,0.8246,0.8211,0.8637,0.6053,0.8466,0.7809,0.8519,0.5259,0.8669,0.8147,0.877,0.5602,0.0003664,487.67,3.741,False
34,1.17048,1.09868,1.32267,1.05513,1.63037,1.20352,0.849,0.8045,0.8634,0.565,0.8279,0.8244,0.8577,0.6001,0.8459,0.7766,0.8541,0.5309,0.8731,0.8126,0.8783,0.5639,0.00034659999999999997,514.78,3.741,True
35,1.15896,1.07215,1.31357,1.05495,1.61648,1.20347,0.8446,0.8141,0.87,0.5685,0.8266,0.8291,0.865,0.6076,0.838,0.7824,0.8612,0.5346,0.8691,0.8307,0.8839,0.5634,0.0003268,486.65,3.741,True
36,1.1543,1.068,1.31353,1.05208,1.61915,1.20238,0.8474,0.8146,0.8678,0.5697,0.8326,0.8311,0.8584,0.6099,0.841,0.7908,0.8618,0.5351,0.8686,0.8221,0.8833,0.564,0.00030700000000000004,485.63,3.741,True
37,1.14606,1.04042,1.30531,1.05175,1.6249,1.20189,0.8562,0.8139,0.8725,0.5737,0.8381,0.8378,0.8662,0.6144,0.8527,0.7839,0.8657,0.5418,0.8778,0.8201,0.8857,0.565,0.00028720000000000004,486.76,3.741,True
38,1.13947,1.02794,1.30041,1.05124,1.61862,1.20221,0.8563,0.817,0.8729,0.5738,0.8437,0.8397,0.866,0.6108,0.8498,0.7927,0.8684,0.5455,0.8753,0.8187,0.8842,0.5652,0.00026740000000000005,485.97,3.741,True
39,1.13586,1.02715,1.29859,1.05139,1.63306,1.20136,0.8538,0.8176,0.8722,0.5738,0.845,0.8384,0.8628,0.6106,0.8453,0.7927,0.8678,0.5436,0.871,0.8216,0.8861,0.5673,0.0002476,485.59,3.741,False
40,1.12909,1.01711,1.29477,1.05168,1.62257,1.20108,0.8541,0.8259,0.8749,0.5738,0.8443,0.8428,0.8633,0.6108,0.8477,0.8016,0.8727,0.543,0.8702,0.8332,0.8887,0.5676,0.00022779999999999998,485.64,3.741,False
41,1.06404,0.75243,1.26135,1.05026,1.60442,1.19961,0.8582,0.8215,0.8744,0.574,0.8464,0.8386,0.8609,0.6093,0.8553,0.7986,0.8737,0.5435,0.8729,0.8272,0.8885,0.5693,0.00020799999999999996,440.49,3.741,True
42,1.04377,0.72851,1.24897,1.04743,1.58519,1.19843,0.8617,0.8238,0.8752,0.5754,0.8499,0.8424,0.861,0.6104,0.8596,0.7996,0.8757,0.5453,0.8758,0.8293,0.889,0.5705,0.00018820000000000008,440.34,3.741,True
43,1.0338,0.70922,1.24048,1.04615,1.55115,1.19753,0.854,0.8253,0.8754,0.5771,0.8441,0.8445,0.8636,0.6138,0.8497,0.7999,0.8735,0.5458,0.8682,0.8317,0.8891,0.5716,0.00016840000000000005,441.08,3.741,True
44,1.02037,0.6935,1.23334,1.04432,1.53483,1.19626,0.8592,0.8235,0.8762,0.5777,0.8512,0.8417,0.8637,0.6127,0.8494,0.7979,0.8733,0.5461,0.8771,0.8309,0.8916,0.5743,0.0001486,441.79,3.741,True
45,1.00992,0.68063,1.22426,1.04321,1.51843,1.19522,0.8627,0.8246,0.8775,0.5782,0.8524,0.8402,0.8642,0.6148,0.8565,0.8034,0.8762,0.5451,0.8792,0.8301,0.8922,0.5746,0.00012880000000000001,441.13,3.741,True
46,1.00189,0.66589,1.21895,1.04155,1.50357,1.19438,0.8626,0.8253,0.8776,0.5796,0.8555,0.8411,0.8647,0.6172,0.8532,0.8045,0.8747,0.5462,0.879,0.8301,0.8933,0.5755,0.00010899999999999998,440.56,3.741,True
47,0.99001,0.65366,1.21055,1.04021,1.50588,1.19413,0.8635,0.828,0.8804,0.5809,0.8559,0.8442,0.8702,0.62,0.8538,0.8075,0.8767,0.5462,0.8807,0.8322,0.8944,0.5767,8.919999999999996e-05,465.59,3.741,True
48,0.97827,0.63718,1.20019,1.04021,1.49898,1.19443,0.8587,0.8318,0.8813,0.5817,0.8515,0.8436,0.8706,0.6211,0.8476,0.8139,0.8783,0.5466,0.877,0.8378,0.8951,0.5773,6.940000000000005e-05,500.32,3.741,True
49,0.97202,0.63296,1.20003,1.03929,1.49217,1.19409,0.8596,0.8309,0.8811,0.583,0.8505,0.8395,0.8697,0.6226,0.8505,0.8163,0.8779,0.548,0.8776,0.8371,0.8958,0.5783,4.960000000000004e-05,458.83,3.741,True
50,0.96817,0.62382,1.19614,1.03911,1.4874,1.19446,0.8629,0.8289,0.8812,0.5832,0.8539,0.8378,0.8697,0.623,0.8528,0.8134,0.8776,0.5479,0.8819,0.8355,0.8963,0.5786,2.9800000000000023e-05,442.96,3.741,True
51,0.96817,0.62382,1.19614,0.0,0.0,0.0,0.8621,0.8305,0.8811,0.5832,0.8535,0.8378,0.8696,0.6233,0.8514,0.8162,0.8774,0.5476,0.8814,0.8377,0.8963,0.5786,2.9800000000000023e-05,442.96,3.741,False
